login,full_name,created_at,stargazers_count,watchers_count,language,has_projects,has_wiki,license_name
midudev,midudev/accordion-menu,2018-10-08T13:41:57Z,2,2,JavaScript,True,True,
midudev,midudev/actas-2024,2024-08-01T15:04:40Z,42,42,,True,True,
midudev,midudev/adventjs-issues,2021-12-01T15:27:21Z,33,33,,True,True,
midudev,midudev/algolia-pwa-ecommerce,2022-01-03T20:17:22Z,24,24,TypeScript,True,True,MIT License
midudev,midudev/ant-design,2018-09-13T15:08:22Z,2,2,TypeScript,True,True,MIT License
midudev,midudev/aprende-javascript-problemas,2023-04-20T08:10:22Z,122,122,,True,True,
midudev,midudev/aprende-react-js,2016-09-14T17:55:08Z,18,18,CSS,True,True,
midudev,midudev/aprendesql.dev,2023-12-21T16:38:03Z,26,26,,True,True,
midudev,midudev/aprendiendo-electron,2022-08-18T19:36:46Z,25,25,JavaScript,True,True,
midudev,midudev/aprendiendo-react,2019-05-26T16:01:51Z,7581,7581,TypeScript,False,False,
midudev,midudev/aprendiendogit.dev,2024-05-07T16:38:55Z,53,53,Astro,True,True,
midudev,midudev/aprendiendoreact.com,2018-05-17T16:14:42Z,5,5,JavaScript,True,True,
midudev,midudev/astro-5-dev-books,2024-09-18T17:34:39Z,79,79,Astro,True,True,
midudev,midudev/awesome-dev-tools,2023-06-02T12:58:13Z,33,33,,True,True,
midudev,midudev/awesome-uses,2020-01-08T18:31:06Z,3,3,,True,True,
midudev,midudev/black-friday-app-autocomplete,2021-11-29T11:59:16Z,20,20,JavaScript,True,True,
midudev,midudev/bun-deploy-app,2023-09-15T15:47:17Z,17,17,TypeScript,True,True,
midudev,midudev/campanadas.dev,2022-11-09T14:23:58Z,13,13,TypeScript,True,True,
midudev,midudev/cards,2020-04-21T18:29:52Z,4,4,,True,True,MIT License
midudev,midudev/chat-gpt-plugins-javascript,2023-05-30T17:55:54Z,57,57,JavaScript,True,True,
midudev,midudev/chat-hackathon,2022-07-03T08:56:35Z,20,20,Svelte,True,True,
midudev,midudev/chat-with-pdf,2024-02-01T19:00:48Z,106,106,TypeScript,True,True,
midudev,midudev/cloudinary-hackathon-astro-example,2024-10-08T17:46:11Z,30,30,Astro,True,True,
midudev,midudev/code-sandbox-midudev,2018-12-27T14:50:22Z,3,3,CSS,True,True,
midudev,midudev/codi.link,2021-07-26T20:03:26Z,637,637,JavaScript,True,True,Other
midudev,midudev/Consent-String-SDK-JS,2019-12-05T12:01:08Z,2,2,,True,True,MIT License
midudev,midudev/contact-form-vercel-storage,2023-05-02T18:05:40Z,27,27,TypeScript,True,True,
midudev,midudev/contributor-faces,2019-02-22T19:17:51Z,3,3,JavaScript,True,True,MIT License
midudev,midudev/cost-of-modules,2020-02-03T19:01:18Z,3,3,,True,True,MIT License
midudev,midudev/covid-19-spread-simulator,2020-03-15T21:54:36Z,137,137,JavaScript,True,True,ISC License
ai,ai/about-postcss,2014-09-02T08:57:10Z,29,29,Ruby,True,True,
ai,ai/ai,2021-06-03T20:20:57Z,6,6,,True,True,
ai,ai/anim2012,2012-09-12T22:42:15Z,8,8,Ruby,True,False,GNU General Public License v3.0
ai,ai/asdf-cache-action,2022-09-07T17:29:16Z,16,16,,False,False,
ai,ai/audio-recorder-polyfill,2017-11-25T14:53:51Z,584,584,JavaScript,False,False,MIT License
ai,ai/autohide-battery,2013-02-03T13:37:11Z,31,31,JavaScript,False,False,MIT License
ai,ai/autoprefixer-cli,2015-08-31T17:04:26Z,14,14,JavaScript,True,True,MIT License
ai,ai/autoprefixer-core,2014-08-18T11:29:17Z,136,136,JavaScript,True,True,
ai,ai/autoprefixer-rails,2013-04-04T22:01:13Z,1216,1216,Ruby,True,False,MIT License
ai,ai/better-node-test,2023-09-27T19:26:52Z,26,26,JavaScript,False,False,MIT License
ai,ai/boilerplates,2021-11-17T22:44:52Z,11,11,JavaScript,False,False,
ai,ai/caniuse,2022-08-17T00:31:54Z,1,1,,True,True,Creative Commons Attribution 4.0 International
ai,ai/check-dts,2020-02-08T01:40:07Z,140,140,JavaScript,False,False,MIT License
ai,ai/ci-job-number,2017-07-04T13:48:23Z,14,14,JavaScript,False,False,MIT License
ai,ai/cli,2024-05-16T17:16:03Z,2,2,,True,True,MIT License
ai,ai/color.js,2022-02-19T16:13:07Z,0,0,,True,True,MIT License
ai,ai/compass.js,2012-11-10T08:06:49Z,113,113,CoffeeScript,True,False,MIT License
ai,ai/convert-layout,2015-11-06T09:29:23Z,251,251,JavaScript,False,False,MIT License
ai,ai/d2na,2008-12-17T00:05:49Z,11,11,Ruby,True,False,
ai,ai/darian,2012-05-16T11:21:56Z,25,25,Ruby,True,True,MIT License
ai,ai/dis.spbstu.ru,2011-07-01T20:00:02Z,5,5,Ruby,True,True,GNU Affero General Public License v3.0
ai,ai/dual-publish,2020-02-15T20:14:15Z,188,188,JavaScript,False,False,MIT License
ai,ai/easings.net,2012-03-22T10:27:18Z,8021,8021,CSS,False,False,GNU General Public License v3.0
ai,ai/environment,2009-07-03T16:05:47Z,205,205,Shell,True,False,MIT License
ai,ai/eslint-plugin-escompat,2024-09-25T20:21:36Z,0,0,,True,True,MIT License
ai,ai/eslint-plugin-node-import,2023-09-07T09:24:36Z,0,0,,True,False,ISC License
ai,ai/evil-blocks,2013-04-29T18:40:26Z,131,131,JavaScript,True,True,MIT License
ai,ai/evil-front,2013-01-25T13:13:27Z,101,101,Ruby,True,True,
ai,ai/evolu-lang,2010-08-11T23:29:43Z,22,22,JavaScript,True,False,GNU Lesser General Public License v3.0
ai,ai/evolu-steam,2011-02-01T17:34:46Z,5,5,JavaScript,True,False,GNU Lesser General Public License v3.0
raysan5,raysan5/challenges,2017-02-23T16:32:32Z,165,165,C,False,False,Other
raysan5,raysan5/FileDetectionRuleSets,2024-03-29T08:57:03Z,2,2,PHP,True,False,MIT License
raysan5,raysan5/game_project_template,2020-02-09T12:36:22Z,19,19,C++,False,False,MIT License
raysan5,raysan5/mic,2021-09-25T22:13:57Z,23,23,C,False,False,MIT License
raysan5,raysan5/mod,2019-12-04T19:42:22Z,47,47,,False,False,MIT License
raysan5,raysan5/physac,2022-06-06T08:51:00Z,24,24,C,False,False,
raysan5,raysan5/raudio,2019-01-19T15:23:09Z,171,171,C,False,False,zlib License
raysan5,raysan5/raygui,2016-06-15T18:33:19Z,3496,3496,C,False,False,zlib License
raysan5,raysan5/raylib,2013-10-24T15:46:04Z,22291,22291,C,False,True,zlib License
raysan5,raysan5/raylib-code-club,2022-08-31T19:15:21Z,28,28,C,False,False,zlib License
raysan5,raysan5/raylib-game-template,2021-06-30T16:44:07Z,399,399,C,False,False,zlib License
raysan5,raysan5/raylib-gamejam-template,2022-11-29T17:27:12Z,41,41,Makefile,False,False,zlib License
raysan5,raysan5/raylib-games,2020-04-10T18:47:08Z,557,557,C,True,True,zlib License
raysan5,raysan5/raylib-intro-course,2022-11-13T17:43:34Z,190,190,C,False,False,Other
raysan5,raysan5/raylib-lua,2017-02-05T01:59:21Z,123,123,C,False,False,Other
raysan5,raysan5/raylib.com,2017-07-24T17:39:55Z,70,70,C,False,False,zlib License
raysan5,raysan5/raylib_project_creator,2024-09-26T11:25:24Z,158,158,C,False,False,zlib License
raysan5,raysan5/raysan5,2024-04-20T10:11:55Z,8,8,,True,True,
raysan5,raysan5/rfxgen,2017-03-04T12:35:46Z,427,427,C,False,False,zlib License
raysan5,raysan5/rguiicons,2019-09-01T09:56:12Z,50,50,C,False,False,zlib License
raysan5,raysan5/rguilayout,2018-08-17T18:03:04Z,94,94,C,False,False,zlib License
raysan5,raysan5/rguistyler,2018-08-17T17:53:28Z,52,52,C,False,False,zlib License
raysan5,raysan5/riconpacker,2018-09-28T15:49:10Z,46,46,C,False,False,zlib License
raysan5,raysan5/rini,2023-05-18T13:56:27Z,61,61,C,False,False,zlib License
raysan5,raysan5/rpng,2020-05-27T10:06:23Z,171,171,C,False,False,zlib License
raysan5,raysan5/rres,2017-12-08T18:23:57Z,392,392,C,False,False,MIT License
vfarcic,vfarcic/1-koncrete-demo,2021-08-26T00:34:06Z,0,0,SCSS,True,True,
vfarcic,vfarcic/acorn-demo,2023-10-29T20:02:01Z,0,0,Go,True,True,
vfarcic,vfarcic/adpon,2019-04-30T09:54:00Z,0,0,Smarty,True,True,
vfarcic,vfarcic/aiven-demo,2023-08-25T12:10:14Z,1,1,,True,True,
vfarcic,vfarcic/angular-web-ui-sample,2014-10-01T18:10:53Z,0,0,JavaScript,True,True,
vfarcic,vfarcic/ansible-blue-green,2015-01-11T11:54:39Z,3,3,Python,True,True,
vfarcic,vfarcic/ansible-workshop,2015-11-01T16:21:21Z,3,3,CSS,True,True,
vfarcic,vfarcic/apono-demo,2023-08-21T23:33:35Z,0,0,,True,True,
vfarcic,vfarcic/argo,2021-02-04T15:16:55Z,1,1,Go,True,True,Apache License 2.0
vfarcic,vfarcic/argo-cd,2021-10-25T15:24:55Z,1,1,Go,True,True,Apache License 2.0
vfarcic,vfarcic/argo-cd-image-updater,2021-10-12T19:50:09Z,5,5,SCSS,True,True,
vfarcic,vfarcic/argo-combined-app,2021-02-02T08:52:24Z,37,37,SCSS,True,True,Apache License 2.0
vfarcic,vfarcic/argo-combined-demo,2021-01-25T19:46:56Z,103,103,,True,True,Apache License 2.0
vfarcic,vfarcic/argo-events,2021-01-28T15:15:53Z,1,1,Go,True,True,Apache License 2.0
vfarcic,vfarcic/argo-events-demo,2021-01-20T19:23:01Z,2,2,,True,True,
vfarcic,vfarcic/argo-events-gh-demo,2024-06-04T21:48:12Z,2,2,Go,True,True,
vfarcic,vfarcic/argo-rollouts,2020-11-03T11:34:51Z,2,2,Go,True,False,Apache License 2.0
vfarcic,vfarcic/argo-rollouts-demo,2024-04-21T02:08:13Z,0,0,Nushell,True,True,
vfarcic,vfarcic/argo-site,2021-10-19T20:57:43Z,0,0,JavaScript,True,True,MIT License
vfarcic,vfarcic/argo-workflows-catalog,2021-01-04T12:18:58Z,1,1,Go,True,False,
vfarcic,vfarcic/argo-workflows-demo,2020-12-29T03:03:21Z,25,25,SCSS,True,True,
vfarcic,vfarcic/argo-workflows-vs-tekton-demo,2021-05-24T16:55:45Z,5,5,SCSS,True,True,
vfarcic,vfarcic/argocd-image-updater-demo,2021-03-30T10:42:23Z,1,1,,True,True,
vfarcic,vfarcic/argocd-pipeline,2020-10-07T17:57:57Z,0,0,Dockerfile,True,True,
vfarcic,vfarcic/argocd-previews,2020-10-05T14:29:34Z,19,19,,True,True,
vfarcic,vfarcic/argocd-production,2020-09-23T14:32:08Z,33,33,,True,True,
vfarcic,vfarcic/argocd-staging,2020-11-03T14:08:16Z,1,1,,True,True,
vfarcic,vfarcic/argocd-sync-waves-demo,2023-07-22T00:04:25Z,1,1,,True,True,
vfarcic,vfarcic/atlas-demo,2022-11-23T17:27:28Z,0,0,HCL,True,True,
vfarcic,vfarcic/atlas-kubernetes-demo,2023-07-07T23:41:48Z,0,0,,True,True,
spite,spite/3dwebfest-2016,2016-10-10T19:26:06Z,9,9,JavaScript,True,True,MIT License
spite,spite/AdventOfCode2019,2019-12-04T18:46:27Z,2,2,JavaScript,True,True,
spite,spite/adventofcode2021,2021-12-02T23:04:54Z,3,3,JavaScript,True,True,MIT License
spite,spite/adventofcode2023,2023-12-01T14:28:27Z,2,2,JavaScript,True,True,
spite,spite/ae-to-json-to-timeline-to-camera,2016-09-04T19:46:35Z,0,0,JavaScript,True,True,
spite,spite/android-lens-blur-depth-extractor,2014-04-17T18:53:47Z,292,292,JavaScript,True,True,MIT License
spite,spite/audio-cover,2021-04-07T21:41:42Z,4,4,JavaScript,True,True,MIT License
spite,spite/AugmentedCompileShader.js,2015-02-22T17:43:47Z,24,24,JavaScript,True,True,MIT License
spite,spite/barcelonajs.org,2013-02-18T10:50:12Z,0,0,JavaScript,True,True,
spite,spite/baubles,2020-12-09T18:16:27Z,24,24,JavaScript,True,True,MIT License
spite,spite/BlockyEarth,2022-03-06T01:47:44Z,7,7,JavaScript,True,True,
spite,spite/bumpy-metaballs,2022-03-28T23:16:13Z,6,6,JavaScript,True,True,MIT License
spite,spite/canvas-capture,2017-03-08T20:38:32Z,3,3,JavaScript,True,True,
spite,spite/ccapture.js,2012-09-03T11:00:40Z,3601,3601,JavaScript,True,True,MIT License
spite,spite/chrome-sketchtab,2016-01-12T17:05:12Z,21,21,JavaScript,True,True,MIT License
spite,spite/clickbait-stopper,2016-08-20T17:11:55Z,1,1,JavaScript,True,True,
spite,spite/codevember-2016,2016-11-12T00:36:04Z,91,91,JavaScript,True,True,Other
spite,spite/codevember-2017,2017-11-01T20:04:37Z,139,139,JavaScript,True,True,
spite,spite/codevember-2021,2021-11-01T23:05:30Z,212,212,JavaScript,True,True,Other
spite,spite/codevember-2022,2022-11-03T01:07:31Z,83,83,JavaScript,True,True,MIT License
spite,spite/ConcatSoundLoader,2013-09-18T09:54:22Z,35,35,HTML,True,True,
spite,spite/coverage-ext,2016-09-16T17:02:42Z,0,0,JavaScript,True,True,
spite,spite/crash-devtools,2017-02-17T01:28:24Z,0,0,JavaScript,True,True,
spite,spite/cross-hatching,2016-12-07T01:20:34Z,110,110,HTML,True,True,
spite,spite/cruciform,2015-02-09T10:16:09Z,88,88,JavaScript,True,True,MIT License
spite,spite/css-filters-devtools-extension,2015-12-15T02:00:03Z,21,21,JavaScript,True,True,MIT License
spite,spite/css-triggers,2016-09-23T17:49:59Z,0,0,JavaScript,True,True,Apache License 2.0
spite,spite/CSS3DClouds,2012-04-20T23:44:00Z,131,131,HTML,True,True,MIT License
spite,spite/dancer.js,2013-02-01T23:07:04Z,3,3,JavaScript,True,True,MIT License
spite,spite/DefinitelyTyped,2018-02-07T11:51:36Z,1,1,TypeScript,True,True,Other
LeCoupa,LeCoupa/awesome-bootstrappers,2018-02-14T17:27:50Z,238,238,Shell,True,True,MIT License
LeCoupa,LeCoupa/awesome-cheatsheets,2017-11-09T02:47:15Z,40070,40070,JavaScript,True,True,MIT License
LeCoupa,LeCoupa/awesome-shopify,2019-09-17T15:29:55Z,108,108,Shell,True,True,MIT License
LeCoupa,LeCoupa/docs.adonisjs.com,2022-12-27T14:35:21Z,0,0,TypeScript,True,True,
LeCoupa,LeCoupa/japa.dev,2022-12-30T19:14:25Z,0,0,TypeScript,True,True,
LeCoupa,LeCoupa/LeCoupa,2020-08-26T17:59:10Z,9,9,,True,True,
LeCoupa,LeCoupa/nuxt-edgedb,2023-11-23T14:45:53Z,0,0,,True,True,
LeCoupa,LeCoupa/nuxt-seo-kit,2023-09-09T14:36:49Z,0,0,,True,False,
LeCoupa,LeCoupa/recaptcha-module,2022-09-06T09:30:06Z,1,1,,True,False,MIT License
LeCoupa,LeCoupa/vscode-commit-prompt,2024-01-09T12:49:26Z,2,2,,True,True,MIT License
LeCoupa,LeCoupa/vuedarkmode,2018-09-23T21:35:51Z,1091,1091,Vue,True,True,MIT License
LeCoupa,LeCoupa/vueflags,2019-12-07T15:02:15Z,119,119,TypeScript,True,True,MIT License
LeCoupa,LeCoupa/vuesocial,2019-11-22T18:35:18Z,56,56,SCSS,True,True,MIT License
LeCoupa,LeCoupa/vuetimeline,2019-11-06T16:55:45Z,348,348,SCSS,True,True,MIT License
LeCoupa,LeCoupa/vueuse,2023-06-16T19:56:27Z,1,1,,True,False,MIT License
peduarte,peduarte/247handyman,2016-06-23T19:49:50Z,2,2,SCSS,True,True,
peduarte,peduarte/alephjs.org,2020-11-06T14:32:01Z,1,1,,True,False,MIT License
peduarte,peduarte/atom,2020-09-21T13:54:45Z,1,1,,True,False,MIT License
peduarte,peduarte/ava,2018-01-24T15:13:42Z,0,0,JavaScript,True,False,MIT License
peduarte,peduarte/awesome-developer-experience,2021-07-22T19:11:05Z,15,15,,True,False,
peduarte,peduarte/babel,2016-11-10T15:01:12Z,0,0,JavaScript,True,True,MIT License
peduarte,peduarte/better-code-blocks,2021-05-24T15:20:18Z,5,5,JavaScript,True,True,
peduarte,peduarte/bornholdtattoo.com,2018-11-15T16:07:04Z,0,0,HTML,True,True,
peduarte,peduarte/byrd,2020-09-18T09:31:44Z,12,12,TypeScript,True,True,
peduarte,peduarte/bytesize-icons,2017-09-25T15:24:33Z,0,0,,True,True,MIT License
peduarte,peduarte/calendso,2021-07-22T09:26:33Z,4,4,TypeScript,True,False,MIT License
peduarte,peduarte/cards,2020-04-24T12:35:14Z,9,9,JavaScript,True,True,MIT License
peduarte,peduarte/components,2018-11-05T13:58:18Z,0,0,JavaScript,True,False,MIT License
peduarte,peduarte/css-in-js,2021-05-27T09:43:40Z,2,2,,True,True,
peduarte,peduarte/DefinitelyTyped,2019-06-20T15:07:14Z,0,0,TypeScript,True,True,Other
peduarte,peduarte/demo-colors-postcss,2021-05-18T12:53:00Z,1,1,,True,True,
peduarte,peduarte/discord-open-source,2021-02-09T08:11:43Z,1,1,,True,True,
peduarte,peduarte/dona-rita,2016-10-15T10:58:02Z,0,0,,True,True,
peduarte,peduarte/dona-rita-website,2018-01-07T18:53:27Z,89,89,JavaScript,True,True,
peduarte,peduarte/dotfiles,2017-01-31T09:55:07Z,4,4,Shell,True,True,
peduarte,peduarte/extensions,2021-11-08T16:47:30Z,1,1,TypeScript,True,False,MIT License
peduarte,peduarte/extras,2019-05-11T20:46:02Z,0,0,JavaScript,True,True,MIT License
peduarte,peduarte/flow,2017-01-19T11:48:26Z,0,0,OCaml,True,True,Other
peduarte,peduarte/gatsby,2018-01-10T16:41:46Z,0,0,JavaScript,True,False,MIT License
peduarte,peduarte/gatsby-mdx-conflict-repro,2019-08-27T11:36:19Z,0,0,JavaScript,True,True,
peduarte,peduarte/gatsby-starter-netlify-cms,2018-01-24T09:26:16Z,0,0,JavaScript,True,True,MIT License
peduarte,peduarte/gatsby-with-stitches-demo,2020-09-30T17:55:42Z,5,5,TypeScript,True,True,BSD Zero Clause License
peduarte,peduarte/google-form-scraper,2015-07-26T22:00:29Z,1,1,JavaScript,True,True,
peduarte,peduarte/greatstatusupdate,2017-01-24T20:28:41Z,0,0,HTML,True,True,
peduarte,peduarte/icons,2020-09-21T13:49:01Z,1,1,,True,False,ISC License
jk4freedom,jk4freedom/chiasmodon,2024-04-15T19:12:03Z,17,17,,True,True,MIT License
jk4freedom,jk4freedom/ForenseTech-Challenges,2024-04-02T10:11:44Z,23,23,,True,True,MIT License
jk4freedom,jk4freedom/jk4freedom,2024-03-27T15:24:44Z,16,16,,True,True,
jk4freedom,jk4freedom/StarMyRepo,2024-03-30T09:30:35Z,10,10,,True,True,Apache License 2.0
facontidavide,facontidavide/A-LOAM,2019-09-13T15:36:35Z,0,0,C++,True,True,Other
facontidavide,facontidavide/a-star,2018-07-26T11:02:00Z,1,1,C++,True,True,MIT License
facontidavide,facontidavide/any-lite,2018-07-05T09:32:30Z,0,0,C++,True,True,Boost Software License 1.0
facontidavide,facontidavide/appimage.github.io,2019-10-04T07:41:19Z,0,0,,True,True,Other
facontidavide,facontidavide/AsyncSignals,2016-08-21T16:58:56Z,2,2,C++,True,True,GNU General Public License v3.0
facontidavide,facontidavide/Barcelona-Cpp-Meetups,2017-09-27T13:35:19Z,1,1,,True,True,
facontidavide,facontidavide/BehaviorTree.CPP,2022-04-05T11:25:26Z,1,1,,True,False,MIT License
facontidavide,facontidavide/BehaviorTree.ROS,2022-06-30T13:04:13Z,0,0,,True,True,MIT License
facontidavide,facontidavide/belkirk-jekyll-demo,2018-11-22T12:22:57Z,0,0,HTML,True,True,
facontidavide,facontidavide/Blackboard,2018-04-26T14:12:21Z,1,1,C++,True,True,
facontidavide,facontidavide/Bonxai,2021-10-12T12:43:36Z,653,653,C++,False,False,Mozilla Public License 2.0
facontidavide,facontidavide/BOR_laser_test,2019-07-31T10:44:09Z,1,1,,True,True,
facontidavide,facontidavide/btcpp_sample_project,2022-11-19T20:37:32Z,1,1,,True,True,
facontidavide,facontidavide/bt_ros_example,2022-03-14T11:14:21Z,1,1,C++,True,True,
facontidavide,facontidavide/CanMove,2017-10-28T18:17:08Z,5,5,C++,True,True,GNU Affero General Public License v3.0
facontidavide,facontidavide/cartographer,2019-10-10T13:12:59Z,0,0,,True,False,Apache License 2.0
facontidavide,facontidavide/conan-behaviortreecpp,2023-03-30T15:51:10Z,1,1,Python,True,True,
facontidavide,facontidavide/coroutine,2018-07-31T13:34:26Z,0,0,C++,True,True,Apache License 2.0
facontidavide,facontidavide/cost_map,2019-05-29T10:35:24Z,0,0,C++,True,True,"BSD 2-Clause ""Simplified"" License"
facontidavide,facontidavide/cost_map_core,2019-03-25T10:17:21Z,2,2,C++,True,True,
facontidavide,facontidavide/cpp-stateless-frontend,2017-01-02T11:19:45Z,0,0,C++,True,True,
facontidavide,facontidavide/CppStringPlayground,2016-09-13T18:03:45Z,0,0,C++,True,True,MIT License
facontidavide,facontidavide/CppUnits11,2017-12-15T15:41:39Z,2,2,C++,True,True,MIT License
facontidavide,facontidavide/CPP_Optimizations_Diary,2020-05-05T19:35:41Z,1165,1165,C++,False,False,
facontidavide,facontidavide/cpp_swiss_army_knife,2016-05-15T18:28:05Z,40,40,,True,True,MIT License
facontidavide,facontidavide/cpu_monitor,2019-12-09T14:18:19Z,1,1,,True,True,MIT License
facontidavide,facontidavide/data_tamer_msgs-release,2023-11-23T14:18:59Z,1,1,,True,True,
facontidavide,facontidavide/Devguide,2019-02-18T17:32:22Z,0,0,Shell,True,False,Other
facontidavide,facontidavide/DomainModelsRepositories,2018-06-25T08:41:28Z,0,0,C++,True,True,"BSD 3-Clause ""New"" or ""Revised"" License"
facontidavide,facontidavide/easy_profiler,2017-07-10T08:10:46Z,0,0,C++,True,True,
carloscuesta,carloscuesta/.github,2022-07-30T17:31:49Z,2,2,,True,True,MIT License
carloscuesta,carloscuesta/atom-setup,2016-03-17T09:38:53Z,4,4,,True,True,
carloscuesta,carloscuesta/carloscuesta,2020-07-11T20:38:45Z,5,5,,True,True,
carloscuesta,carloscuesta/carloscuesta.me,2015-12-06T14:13:24Z,57,57,TypeScript,True,True,
carloscuesta,carloscuesta/codegenerators-demo,2022-05-21T07:30:01Z,1,1,JavaScript,False,False,MIT License
carloscuesta,carloscuesta/dotfiles,2015-08-10T13:40:22Z,51,51,Shell,True,True,MIT License
carloscuesta,carloscuesta/generator-starterkit,2015-09-19T16:52:36Z,30,30,JavaScript,True,True,MIT License
carloscuesta,carloscuesta/ghost-theme,2017-09-29T20:48:35Z,2,2,HTML,True,True,
carloscuesta,carloscuesta/gitmoji,2016-10-21T09:36:02Z,15700,15700,TypeScript,True,False,MIT License
carloscuesta,carloscuesta/gitmoji-cli,2016-11-17T21:40:32Z,4610,4610,JavaScript,False,False,MIT License
carloscuesta,carloscuesta/hyper-materialshell,2016-08-11T17:27:53Z,71,71,JavaScript,True,True,MIT License
carloscuesta,carloscuesta/materialshell,2015-11-14T18:17:42Z,841,841,Shell,True,True,MIT License
carloscuesta,carloscuesta/monorepo-example,2019-09-28T21:09:05Z,5,5,JavaScript,False,True,
carloscuesta,carloscuesta/n26-github-actions-demo,2022-03-11T19:19:06Z,1,1,JavaScript,True,True,
carloscuesta,carloscuesta/react-native-error-boundary,2019-02-08T19:13:18Z,497,497,TypeScript,True,False,MIT License
carloscuesta,carloscuesta/react-native-layout-debug,2017-01-05T12:08:46Z,22,22,JavaScript,True,True,MIT License
carloscuesta,carloscuesta/resesif,2015-10-26T21:10:05Z,6,6,,True,True,MIT License
carloscuesta,carloscuesta/sprinkles-syntax,2017-02-05T16:13:41Z,20,20,Less,True,True,MIT License
carloscuesta,carloscuesta/sprinkles-vscode,2022-04-23T20:12:30Z,8,8,TypeScript,True,True,MIT License
carloscuesta,carloscuesta/starterkit,2015-09-07T17:10:21Z,88,88,JavaScript,True,True,MIT License
carloscuesta,carloscuesta/sublime-text-setup,2015-05-02T18:21:06Z,4,4,JavaScript,True,True,
gaborcsardi,gaborcsardi/after,2016-06-14T22:33:49Z,14,14,R,True,True,
gaborcsardi,gaborcsardi/alda,2024-04-26T05:01:55Z,0,0,,True,False,Creative Commons Zero v1.0 Universal
gaborcsardi,gaborcsardi/alexr,2015-09-08T20:17:44Z,27,27,R,True,True,Other
gaborcsardi,gaborcsardi/all.primer.tutorials,2022-11-04T12:52:52Z,0,0,HTML,True,True,Other
gaborcsardi,gaborcsardi/altlist,2019-08-30T10:43:12Z,5,5,C,True,True,Other
gaborcsardi,gaborcsardi/argufy,2015-08-10T18:56:23Z,32,32,R,True,True,Other
gaborcsardi,gaborcsardi/ask,2015-05-28T14:04:57Z,20,20,R,True,True,Other
gaborcsardi,gaborcsardi/async,2017-08-11T12:38:17Z,38,38,R,True,True,Other
gaborcsardi,gaborcsardi/autobrew-bundler,2023-11-28T09:52:48Z,0,0,,True,True,
gaborcsardi,gaborcsardi/baguette,2024-08-05T09:26:08Z,0,0,,True,True,Other
gaborcsardi,gaborcsardi/BCEA,2022-07-28T11:38:01Z,0,0,R,True,True,GNU General Public License v3.0
gaborcsardi,gaborcsardi/BH,2022-10-25T16:15:52Z,0,0,,True,False,
gaborcsardi,gaborcsardi/bigrquerystorage,2023-11-28T12:43:20Z,0,0,C++,True,True,Apache License 2.0
gaborcsardi,gaborcsardi/brew-big-sur,2023-11-30T20:58:08Z,0,0,Ruby,True,False,"BSD 2-Clause ""Simplified"" License"
gaborcsardi,gaborcsardi/brokenPackage,2020-12-10T20:08:58Z,0,0,R,True,True,GNU General Public License v3.0
gaborcsardi,gaborcsardi/brulee,2024-08-05T09:28:41Z,0,0,,True,True,Other
gaborcsardi,gaborcsardi/build-r-app,2024-09-30T08:46:47Z,0,0,Shell,True,True,
gaborcsardi,gaborcsardi/butcher,2022-06-10T13:36:13Z,4,4,R,True,True,Other
gaborcsardi,gaborcsardi/censored,2024-08-05T09:32:37Z,0,0,,True,True,Other
gaborcsardi,gaborcsardi/checkinstall,2023-08-12T19:40:01Z,0,0,C,True,True,GNU General Public License v2.0
gaborcsardi,gaborcsardi/cli,2023-05-23T16:25:27Z,0,0,,True,True,Other
gaborcsardi,gaborcsardi/comments,2024-09-08T10:05:15Z,0,0,,True,True,
gaborcsardi,gaborcsardi/covr,2024-04-28T15:12:17Z,0,0,,True,True,Other
gaborcsardi,gaborcsardi/covrlabs,2023-12-19T09:25:09Z,0,0,C,True,True,GNU General Public License v3.0
gaborcsardi,gaborcsardi/cran-metadata,2024-10-12T08:48:36Z,0,0,,True,True,
gaborcsardi,gaborcsardi/csg,2023-08-30T16:52:33Z,0,0,R,True,True,
gaborcsardi,gaborcsardi/css,2021-09-13T09:08:49Z,0,0,,True,True,Other
gaborcsardi,gaborcsardi/curl,2021-08-14T11:27:04Z,0,0,C,True,True,Other
gaborcsardi,gaborcsardi/cv,2023-11-20T16:17:08Z,0,0,HTML,True,True,
gaborcsardi,gaborcsardi/cyclocomp,2023-08-30T07:35:49Z,2,2,R,True,True,Other
amix,amix/AdventKotlin2021,2021-12-02T10:34:00Z,3,3,Kotlin,True,True,
amix,amix/autojump,2010-03-28T11:47:36Z,19,19,Shell,True,True,GNU General Public License v3.0
amix,amix/bcx-api,2015-02-13T11:37:02Z,1,1,,True,True,
amix,amix/Catch,2014-08-25T10:19:31Z,3,3,,True,True,Boost Software License 1.0
amix,amix/demo-redis-python-lua,2015-01-30T20:20:49Z,3,3,Python,True,True,MIT License
amix,amix/halist-app,2023-03-05T19:35:44Z,0,0,,True,True,
amix,amix/iAPM,2010-09-26T14:19:48Z,14,14,Objective-C,True,True,
amix,amix/js2coffee,2011-12-28T17:17:45Z,7,7,JavaScript,True,True,
amix,amix/neuralist,2016-10-01T16:58:14Z,79,79,Python,True,True,MIT License
amix,amix/open_file_under_cursor.vim,2012-05-29T17:10:15Z,35,35,VimL,True,True,
amix,amix/photoshop,2013-02-14T01:15:43Z,249,249,OpenEdge ABL,True,True,Other
amix,amix/the_silver_searcher,2015-07-23T10:23:54Z,1,1,C,True,True,Apache License 2.0
amix,amix/vim-2048,2014-03-20T21:31:56Z,11,11,,True,True,MIT License
amix,amix/vim-commentary,2014-03-02T14:33:57Z,2,2,VimL,True,False,
amix,amix/vim-go,2015-12-16T15:43:13Z,3,3,VimL,True,True,Other
amix,amix/vim-zenroom,2013-12-28T19:20:51Z,81,81,VimL,True,True,"BSD 3-Clause ""New"" or ""Revised"" License"
amix,amix/vim-zenroom2,2013-12-29T10:26:36Z,255,255,Vim script,True,True,
amix,amix/vimrc,2012-05-29T16:19:29Z,30670,30670,Vim Script,True,True,MIT License
fxn,fxn/acme-pythonic,2009-01-06T18:37:07Z,2,2,Python,True,True,
fxn,fxn/algorithm-combinatorics,2009-01-06T02:02:25Z,6,6,Perl,True,True,
fxn,fxn/automatic_namespaces,2024-08-12T15:25:08Z,0,0,,True,True,MIT License
fxn,fxn/buildkite-cli,2024-08-30T05:43:09Z,0,0,Ruby,True,True,MIT License
fxn,fxn/code_teams,2024-06-05T09:31:02Z,0,0,,True,False,MIT License
fxn,fxn/dotfiles,2010-10-28T21:13:25Z,13,13,Ruby,True,True,
fxn,fxn/el-solipsista,2014-01-06T11:31:36Z,4,4,,True,True,
fxn,fxn/gemstash,2024-07-09T10:43:20Z,0,0,,True,False,MIT License
fxn,fxn/gruf,2024-01-24T07:41:05Z,0,0,Ruby,True,True,MIT License
fxn,fxn/i-told-you-it-was-private,2012-02-20T20:44:49Z,244,244,Ruby,True,True,MIT License
fxn,fxn/kickstart.nvim,2024-05-25T11:54:21Z,1,1,,True,True,MIT License
fxn,fxn/math-with-regexps,2011-12-27T14:33:15Z,48,48,Shell,True,False,
fxn,fxn/monochrome-theme.el,2011-11-24T17:41:23Z,34,34,Emacs Lisp,True,True,MIT License
fxn,fxn/morphlex,2024-04-06T14:56:04Z,0,0,,True,True,MIT License
fxn,fxn/net-fluidinfo,2011-03-20T18:11:18Z,5,5,Perl,True,True,
fxn,fxn/Nim,2022-12-10T14:50:05Z,0,0,,True,True,Other
fxn,fxn/Programming-Prolog-in-Depth,2011-07-02T12:14:36Z,4,4,Prolog,True,True,
fxn,fxn/rax,2023-11-26T12:21:33Z,0,0,,True,True,"BSD 2-Clause ""Simplified"" License"
fxn,fxn/resque,2023-04-15T11:26:40Z,0,0,,True,True,MIT License
fxn,fxn/resque-heroku-signals,2023-04-19T09:12:31Z,0,0,Ruby,True,True,MIT License
fxn,fxn/ruby,2023-06-11T07:13:55Z,0,0,Ruby,True,True,Other
fxn,fxn/rubygems,2023-07-27T20:46:44Z,0,0,,True,False,Other
fxn,fxn/scores,2012-11-17T19:11:32Z,4,4,LilyPond,True,True,
fxn,fxn/simple_calendar,2023-07-16T17:05:40Z,2,2,,True,True,MIT License
fxn,fxn/spinal-top,2017-01-27T11:50:25Z,5,5,C,True,True,GNU General Public License v2.0
fxn,fxn/sudoku,2012-06-14T20:56:47Z,24,24,C,True,True,
fxn,fxn/tkn,2012-09-10T06:13:06Z,1110,1110,Ruby,True,False,MIT License
fxn,fxn/turbo-rails,2024-03-10T18:42:31Z,1,1,,True,False,MIT License
fxn,fxn/turbo-site,2024-02-12T20:27:07Z,0,0,,True,False,
fxn,fxn/unmac,2009-01-03T22:59:37Z,22,22,Ruby,True,True,MIT License
iturbides,iturbides/11ty-website,2022-03-09T17:48:10Z,1,1,,True,False,MIT License
iturbides,iturbides/beautiful-test.github.io,2021-05-10T14:57:00Z,2,2,HTML,True,False,MIT License
iturbides,iturbides/becss,2023-08-01T14:58:49Z,2,2,,True,True,GNU General Public License v3.0
iturbides,iturbides/clean-code-javascript,2022-08-21T09:42:07Z,9,9,,True,True,MIT License
iturbides,iturbides/dinosaurio_chrome,2022-09-03T15:36:18Z,4,4,,True,True,
iturbides,iturbides/ibee,2022-08-14T17:41:41Z,1,1,,True,True,MIT License
iturbides,iturbides/iturbides,2022-02-16T07:56:16Z,3,3,,True,False,
iturbides,iturbides/javascript,2022-08-30T14:55:10Z,1,1,,True,False,Apache License 2.0
iturbides,iturbides/javascripting,2022-08-28T13:55:49Z,0,0,,True,False,MIT License
iturbides,iturbides/minimalisText,2022-02-15T13:08:08Z,0,0,HTML,True,True,
iturbides,iturbides/neat-starter,2021-05-15T17:33:25Z,0,0,HTML,True,True,MIT License
iturbides,iturbides/neat-starter2,2022-02-22T19:30:52Z,0,0,HTML,True,True,MIT License
iturbides,iturbides/speedlify,2022-03-23T12:59:39Z,0,0,JavaScript,True,True,MIT License
iturbides,iturbides/starter-eleventy,2023-05-09T09:23:22Z,0,0,CSS,True,True,Other
rgomezcasas,rgomezcasas/dotfiles,2014-04-13T11:05:04Z,348,348,Shell,True,True,MIT License
rgomezcasas,rgomezcasas/katas,2014-12-23T15:28:25Z,6,6,Clojure,True,True,
rgomezcasas,rgomezcasas/n8n-docs,2023-08-30T10:05:31Z,0,0,,True,True,Other
rgomezcasas,rgomezcasas/rgomezcasas,2020-07-12T16:57:12Z,2,2,,True,True,
rgomezcasas,rgomezcasas/www,2023-12-11T11:19:37Z,0,0,,True,True,MIT License
cfenollosa,cfenollosa/aekii,2013-10-16T11:21:35Z,61,61,,True,True,
cfenollosa,cfenollosa/bashblog,2013-02-21T14:53:49Z,1659,1659,Shell,True,True,
cfenollosa,cfenollosa/calmerge,2018-07-12T08:24:40Z,9,9,Shell,True,True,"BSD 3-Clause ""New"" or ""Revised"" License"
cfenollosa,cfenollosa/chatbot_pybcn,2017-11-21T19:58:06Z,9,9,Python,True,True,
cfenollosa,cfenollosa/dsl-libretto50ct,2013-10-16T10:50:49Z,18,18,,True,True,
cfenollosa,cfenollosa/eu-cookie-law,2014-03-18T15:38:01Z,81,81,HTML,True,False,
cfenollosa,cfenollosa/feedtube,2018-04-29T17:56:23Z,37,37,Shell,True,True,GNU General Public License v3.0
cfenollosa,cfenollosa/NotesAppExport,2014-02-08T18:17:51Z,21,21,AppleScript,True,False,
cfenollosa,cfenollosa/os-tutorial,2014-09-29T08:39:34Z,27161,27161,C,True,True,"BSD 3-Clause ""New"" or ""Revised"" License"
csorlandi,csorlandi/app-tipo-ifood,2020-07-03T23:46:05Z,20,20,JavaScript,True,True,
csorlandi,csorlandi/csorlandi,2020-08-24T05:11:41Z,10,10,TypeScript,True,True,
csorlandi,csorlandi/csorlandi-bio,2022-02-20T03:23:45Z,2,2,JavaScript,True,True,MIT License
csorlandi,csorlandi/css-preview-border-radius,2023-01-17T18:16:45Z,3,3,TypeScript,False,False,MIT License
csorlandi,csorlandi/english-course,2020-05-21T05:01:03Z,60,60,JavaScript,True,True,MIT License
csorlandi,csorlandi/mine-sweeper,2020-07-10T13:34:33Z,1,1,JavaScript,True,True,
csorlandi,csorlandi/moveit,2021-02-23T00:14:50Z,13,13,TypeScript,True,True,MIT License
csorlandi,csorlandi/next-boilerplate,2022-02-19T03:25:06Z,4,4,JavaScript,True,True,MIT License
csorlandi,csorlandi/poc-edge-config-linktree,2023-01-09T00:55:13Z,1,1,TypeScript,True,True,
csorlandi,csorlandi/poc-socks-shop,2021-03-02T02:35:04Z,1,1,JavaScript,True,True,MIT License
csorlandi,csorlandi/poc-star-rating,2022-08-17T03:14:08Z,1,1,TypeScript,True,True,
csorlandi,csorlandi/poc-world-trip,2022-08-07T05:54:40Z,1,1,TypeScript,True,True,
csorlandi,csorlandi/podcastr,2021-04-26T00:48:28Z,3,3,TypeScript,True,True,
csorlandi,csorlandi/proffy,2020-08-03T07:09:31Z,12,12,TypeScript,True,True,
csorlandi,csorlandi/study-chakraboard,2022-08-03T17:55:41Z,3,3,TypeScript,True,True,
csorlandi,csorlandi/study-create-react-hook-challange,2021-03-20T17:32:00Z,1,1,TypeScript,True,True,
csorlandi,csorlandi/study-github-explorer,2021-03-12T04:47:29Z,2,2,JavaScript,True,True,
csorlandi,csorlandi/study-ig-news,2021-03-23T04:11:17Z,2,2,TypeScript,True,True,
csorlandi,csorlandi/study-personal-finances,2021-03-17T12:38:10Z,1,1,TypeScript,True,True,
csorlandi,csorlandi/study-react-componentization-challange,2021-03-17T05:02:00Z,1,1,TypeScript,True,True,MIT License
csorlandi,csorlandi/study-react-concepts-challange,2021-03-17T04:29:45Z,1,1,TypeScript,True,True,MIT License
csorlandi,csorlandi/study-refactoring-classes-js-to-ts-challange,2021-03-20T23:28:26Z,1,1,TypeScript,True,True,
csorlandi,csorlandi/study-rqboard,2022-08-22T00:41:41Z,1,1,TypeScript,True,True,
csorlandi,csorlandi/tell-me-whats,2021-06-24T07:34:48Z,3,3,TypeScript,True,True,MIT License
wlsf82,wlsf82/-walmyr-filho-react,2017-10-18T22:10:00Z,1,1,JavaScript,False,False,MIT License
wlsf82,wlsf82/age-discoverer,2018-05-19T21:14:25Z,1,1,JavaScript,True,True,MIT License
wlsf82,wlsf82/age-finder,2021-06-16T22:22:54Z,5,5,JavaScript,True,True,MIT License
wlsf82,wlsf82/amazon-clone,2021-04-24T16:12:52Z,0,0,JavaScript,True,True,
wlsf82,wlsf82/Anagram,2021-09-29T15:31:45Z,5,5,JavaScript,True,True,MIT License
wlsf82,wlsf82/android-testing,2016-11-17T07:23:40Z,0,0,Java,True,True,Apache License 2.0
wlsf82,wlsf82/api-testing-mentoria-tat,2024-05-26T19:26:23Z,0,0,JavaScript,True,True,MIT License
wlsf82,wlsf82/appium-ios,2016-02-27T02:33:03Z,1,1,JavaScript,True,True,
wlsf82,wlsf82/aprendendoGit,2020-09-13T18:03:08Z,0,0,,True,True,
wlsf82,wlsf82/audio-testing,2023-12-27T18:53:43Z,1,1,JavaScript,False,False,MIT License
wlsf82,wlsf82/auth0-ms-login-with-cypress,2023-04-01T00:51:39Z,8,8,JavaScript,False,False,MIT License
wlsf82,wlsf82/awesome-cypress,2020-07-28T09:52:26Z,1,1,,True,True,MIT License
wlsf82,wlsf82/backstop-config,2018-07-28T01:30:07Z,35,35,JavaScript,True,True,MIT License
wlsf82,wlsf82/BackstopJS,2020-05-31T21:43:17Z,1,1,JavaScript,True,True,MIT License
wlsf82,wlsf82/backstopjs-course-english,2020-05-04T12:52:32Z,0,0,,True,True,MIT License
wlsf82,wlsf82/backstopjs-example,2018-02-12T15:57:28Z,1,1,JavaScript,True,True,
wlsf82,wlsf82/backstopjs-exemplo,2018-10-28T17:59:41Z,0,0,JavaScript,True,True,MIT License
wlsf82,wlsf82/barbor,2014-10-24T16:29:08Z,0,0,Ruby,True,True,
wlsf82,wlsf82/baseUrl,2024-06-13T01:43:02Z,0,0,JavaScript,True,True,MIT License
wlsf82,wlsf82/bettercodehub-samples,2019-01-04T00:47:05Z,1,1,JavaScript,True,True,MIT License
wlsf82,wlsf82/boas-praticas-em-automacao-de-testes-com-cypress,2021-06-07T23:30:12Z,35,35,JavaScript,False,False,MIT License
wlsf82,wlsf82/boas-praticas-em-automacao-de-testes-com-cypress-v2,2023-02-20T23:54:25Z,25,25,JavaScript,False,False,MIT License
wlsf82,wlsf82/bootcamp-cy-web,2023-01-30T14:15:25Z,0,0,,True,True,
wlsf82,wlsf82/brmodelo-app,2021-11-12T23:51:26Z,0,0,JavaScript,True,True,Apache License 2.0
wlsf82,wlsf82/buger-eats-cypress-discovery,2022-03-08T16:08:21Z,6,6,JavaScript,False,False,
wlsf82,wlsf82/burn-tests,2022-05-17T15:47:04Z,1,1,JavaScript,False,False,MIT License
wlsf82,wlsf82/burning-tests,2022-05-18T20:45:21Z,0,0,HTML,False,False,MIT License
wlsf82,wlsf82/chapolin-js,2021-11-04T23:31:22Z,14,14,JavaScript,True,True,MIT License
wlsf82,wlsf82/chatgpt-paper-rock-and-scissors-javascript-game,2023-05-13T02:15:14Z,1,1,JavaScript,False,False,MIT License
wlsf82,wlsf82/choko,2015-07-18T06:07:18Z,0,0,JavaScript,True,True,MIT License
ajsb85,ajsb85/3factor-example,2021-06-19T04:56:15Z,2,2,,True,True,
ajsb85,ajsb85/ajsb85,2021-08-23T03:25:41Z,1,1,SCSS,True,True,Other
ajsb85,ajsb85/ajsb85.github.io,2019-03-07T18:48:11Z,3,3,HTML,True,False,MIT License
ajsb85,ajsb85/ajsb85.github.io-old,2015-01-29T01:43:18Z,4,4,CSS,True,True,"BSD 3-Clause ""New"" or ""Revised"" License"
ajsb85,ajsb85/alexsalas.brackets-cloud9,2014-01-22T16:45:10Z,3,3,,True,True,GNU General Public License v3.0
ajsb85,ajsb85/alexsalas.brackets-github,2014-01-23T16:36:55Z,2,2,,True,True,GNU General Public License v3.0
ajsb85,ajsb85/alexsalas.brackets-jekyll,2014-01-15T17:55:02Z,20,20,JavaScript,True,True,GNU General Public License v3.0
ajsb85,ajsb85/altium-live,2020-10-21T07:34:44Z,3,3,JavaScript,False,False,Creative Commons Zero v1.0 Universal
ajsb85,ajsb85/AltiumLiveRPC,2020-10-20T11:37:17Z,2,2,,True,True,
ajsb85,ajsb85/ameba_bw16_autoflash,2021-09-16T07:46:42Z,1,1,,True,True,
ajsb85,ajsb85/android-mdm-dashboard,2019-01-18T03:24:51Z,3,3,Objective-C,True,True,
ajsb85,ajsb85/android-silent-ping-sms,2017-06-09T10:55:57Z,1,1,Java,True,True,GNU General Public License v3.0
ajsb85,ajsb85/angular-material-accordion,2016-09-08T09:17:39Z,13,13,CSS,True,True,MIT License
ajsb85,ajsb85/angular-rws,2017-01-05T13:48:43Z,2,2,,True,True,Other
ajsb85,ajsb85/angular1-apollo,2019-03-11T19:26:01Z,2,2,TypeScript,True,False,MIT License
ajsb85,ajsb85/angularjs-glpi,2017-10-20T22:42:37Z,2,2,JavaScript,True,False,GNU General Public License v3.0
ajsb85,ajsb85/api.halaldata.io,2016-03-28T21:33:09Z,2,2,Shell,True,True,GNU General Public License v2.0
ajsb85,ajsb85/app-shell,2018-12-31T18:42:33Z,2,2,JavaScript,True,True,GNU Affero General Public License v3.0
ajsb85,ajsb85/apptaster-to-html,2012-04-22T21:55:39Z,12,12,Python,True,True,
ajsb85,ajsb85/arabic-romanization,2014-04-15T21:57:57Z,3,3,,True,False,Other
ajsb85,ajsb85/Arduino_GFX,2021-06-01T07:18:14Z,1,1,,True,True,
ajsb85,ajsb85/ask-toolkit-for-vscode,2022-02-06T00:20:52Z,1,1,TypeScript,True,True,Apache License 2.0
ajsb85,ajsb85/atom-package-addons-linter,2016-03-30T13:26:42Z,2,2,,True,True,MIT License
ajsb85,ajsb85/atom-package-medium,2016-03-30T15:10:54Z,2,2,,True,True,MIT License
ajsb85,ajsb85/atom-package-transifex,2016-05-09T15:32:26Z,2,2,,True,True,MIT License
ajsb85,ajsb85/atom-package-wprv,2016-03-30T13:58:42Z,2,2,,True,True,GNU General Public License v2.0
ajsb85,ajsb85/awesome-bots,2017-10-31T14:55:23Z,2,2,,True,True,
ajsb85,ajsb85/awtk-easyarm-rt1052,2021-06-01T07:49:36Z,2,2,,True,True,
ajsb85,ajsb85/barcelonapm.github.io,2018-09-19T11:51:41Z,2,2,HTML,True,True,
ajsb85,ajsb85/bcn-js-news-widget,2017-04-20T17:35:30Z,1,1,JavaScript,True,True,GNU Lesser General Public License v3.0
carlosbuenosvinos,carlosbuenosvinos/akka-workshop-exercises,2016-10-03T09:16:15Z,0,0,Scala,True,True,
carlosbuenosvinos,carlosbuenosvinos/alterego.carlos.io,2012-08-03T13:24:20Z,0,0,JavaScript,True,False,
carlosbuenosvinos,carlosbuenosvinos/ansible-datadog,2021-02-16T17:22:05Z,0,0,,True,True,Apache License 2.0
carlosbuenosvinos,carlosbuenosvinos/ansible-elasticsearch,2017-02-28T13:44:37Z,0,0,Ruby,True,True,Other
carlosbuenosvinos,carlosbuenosvinos/Arduino,2017-02-28T13:55:51Z,0,0,C++,True,True,GNU Lesser General Public License v2.1
carlosbuenosvinos,carlosbuenosvinos/atomic-scala-exercises,2015-09-07T07:49:36Z,0,0,Scala,True,True,
carlosbuenosvinos,carlosbuenosvinos/bookmarker,2020-01-13T07:55:06Z,0,0,,True,True,
carlosbuenosvinos,carlosbuenosvinos/capistrano_improved_rsync_with_remote_cache,2013-02-20T10:37:15Z,3,3,Ruby,True,False,
carlosbuenosvinos,carlosbuenosvinos/carlosbuenosvinos,2022-05-16T08:17:55Z,9,9,,True,True,
carlosbuenosvinos,carlosbuenosvinos/carlosbuenosvinos.github.io,2019-10-05T17:41:34Z,2,2,HTML,False,False,
carlosbuenosvinos,carlosbuenosvinos/chinookjs,2022-11-09T17:48:00Z,0,0,,True,True,
carlosbuenosvinos,carlosbuenosvinos/compify,2012-12-31T19:50:40Z,34,34,PHP,True,True,MIT License
carlosbuenosvinos,carlosbuenosvinos/continuous-integration-circle,2019-02-11T11:24:13Z,2,2,Ruby,True,True,
carlosbuenosvinos,carlosbuenosvinos/geekshubsbcn,2017-06-30T12:56:10Z,0,0,HCL,True,True,
carlosbuenosvinos,carlosbuenosvinos/giiker,2020-01-13T17:41:45Z,0,0,,True,True,MIT License
carlosbuenosvinos,carlosbuenosvinos/guzzle-proxy-pool-plugin,2013-06-09T12:00:26Z,1,1,PHP,True,True,
carlosbuenosvinos,carlosbuenosvinos/IDDD_Samples,2014-06-01T18:22:53Z,1,1,Java,True,True,Other
carlosbuenosvinos,carlosbuenosvinos/igravatar.carlos.io,2012-08-23T23:22:50Z,1,1,JavaScript,True,True,
carlosbuenosvinos,carlosbuenosvinos/impactjs-plugins,2012-08-06T17:20:19Z,1,1,JavaScript,True,True,
carlosbuenosvinos,carlosbuenosvinos/impactplusplus,2013-07-10T22:14:08Z,0,0,JavaScript,True,True,MIT License
carlosbuenosvinos,carlosbuenosvinos/javascript,2022-05-30T17:08:55Z,0,0,,True,True,
carlosbuenosvinos,carlosbuenosvinos/joindin-api,2017-07-25T22:11:01Z,0,0,PHP,True,True,"BSD 3-Clause ""New"" or ""Revised"" License"
carlosbuenosvinos,carlosbuenosvinos/learning-ruby,2016-04-30T08:34:33Z,2,2,Ruby,True,True,
carlosbuenosvinos,carlosbuenosvinos/libvmod-geoip,2013-11-06T17:13:47Z,0,0,C,True,False,Other
carlosbuenosvinos,carlosbuenosvinos/messenger,2020-05-12T15:49:50Z,0,0,,True,False,MIT License
carlosbuenosvinos,carlosbuenosvinos/my-exercicism-scala,2016-10-16T17:05:37Z,1,1,Scala,True,True,
carlosbuenosvinos,carlosbuenosvinos/noble,2020-01-12T23:53:41Z,0,0,,True,True,MIT License
carlosbuenosvinos,carlosbuenosvinos/opcache-dashboard,2013-11-20T06:42:12Z,136,136,PHP,True,True,MIT License
carlosbuenosvinos,carlosbuenosvinos/orm,2022-09-02T19:32:24Z,0,0,,True,False,MIT License
carlosbuenosvinos,carlosbuenosvinos/padrino-docs,2016-05-12T15:40:21Z,0,0,,True,True,
mariodev12,mariodev12/AirBnb,2016-08-21T22:58:11Z,5,5,JavaScript,True,True,
mariodev12,mariodev12/alexa-skill-shows,2019-03-24T21:40:38Z,1,1,JavaScript,True,True,
mariodev12,mariodev12/app-for-mac-calendar,2016-02-07T18:27:34Z,0,0,JavaScript,True,True,Creative Commons Zero v1.0 Universal
mariodev12,mariodev12/awesome-react-native,2017-04-20T12:21:10Z,0,0,Ruby,True,True,
mariodev12,mariodev12/bus-tmb,2019-02-05T22:37:08Z,2,2,JavaScript,True,True,Creative Commons Zero v1.0 Universal
mariodev12,mariodev12/coinmarketcap,2018-04-08T20:43:32Z,11,11,JavaScript,True,True,
mariodev12,mariodev12/crypto-icons,2018-02-24T11:53:08Z,1,1,,True,True,
mariodev12,mariodev12/dribble-mortgage,2016-04-12T23:00:52Z,0,0,HTML,True,True,
mariodev12,mariodev12/fut,2019-01-29T22:14:56Z,1,1,JavaScript,True,True,Creative Commons Zero v1.0 Universal
mariodev12,mariodev12/hicat,2017-04-08T09:00:19Z,0,0,JavaScript,True,True,
mariodev12,mariodev12/impresionante-javascript,2017-03-31T22:20:35Z,5,5,,True,False,
mariodev12,mariodev12/konradcode,2023-04-16T10:47:53Z,0,0,,True,True,
mariodev12,mariodev12/mario-blog,2020-07-18T08:48:53Z,1,1,JavaScript,True,True,BSD Zero Clause License
mariodev12,mariodev12/mario-blog-work,2022-06-19T19:39:38Z,1,1,JavaScript,True,True,MIT License
mariodev12,mariodev12/mario.work,2022-10-12T19:50:10Z,1,1,JavaScript,True,True,
mariodev12,mariodev12/mariodev12.github.io,2022-08-26T14:36:08Z,1,1,CSS,True,True,
mariodev12,mariodev12/mario_blog,2020-07-18T08:39:34Z,1,1,JavaScript,True,True,MIT License
mariodev12,mariodev12/mongoose,2017-05-14T09:24:34Z,0,0,JavaScript,True,True,
mariodev12,mariodev12/more-tv-app,2019-01-05T02:16:23Z,2,2,JavaScript,True,True,MIT License
mariodev12,mariodev12/motivateme,2019-03-19T20:16:30Z,1,1,Swift,True,True,
mariodev12,mariodev12/next-netlify-starter,2020-10-09T20:42:12Z,1,1,JavaScript,True,True,
mariodev12,mariodev12/node-football-data,2019-02-02T21:30:23Z,3,3,JavaScript,True,True,
mariodev12,mariodev12/nodejs-server-React-Native-Netflix-App,2017-04-30T18:51:52Z,62,62,JavaScript,True,True,
mariodev12,mariodev12/portfolio,2019-02-10T21:43:11Z,1,1,JavaScript,True,True,
mariodev12,mariodev12/react-native-app-intro,2017-01-04T13:02:51Z,2,2,JavaScript,True,True,MIT License
mariodev12,mariodev12/react-native-app-remember-me-notifications,2017-01-19T12:42:56Z,2,2,JavaScript,True,True,
mariodev12,mariodev12/React-Native-Apps,2017-04-08T10:02:31Z,2,2,,True,True,
mariodev12,mariodev12/react-native-calendars,2018-09-29T10:37:43Z,1,1,JavaScript,True,False,MIT License
mariodev12,mariodev12/react-native-destination-app-realm,2016-12-14T22:48:01Z,0,0,JavaScript,True,True,
mariodev12,mariodev12/react-native-ios,2016-02-27T19:33:17Z,0,0,Objective-C,True,True,
chicoxyzzy,chicoxyzzy/10-years-of-frontend,2019-12-09T16:30:27Z,0,0,,True,True,
chicoxyzzy,chicoxyzzy/2017.rustfest.eu,2017-03-09T16:09:41Z,0,0,CSS,True,True,
chicoxyzzy,chicoxyzzy/admin,2019-04-18T11:11:51Z,0,0,HTML,True,True,
chicoxyzzy,chicoxyzzy/agendas,2016-01-29T07:21:27Z,1,1,,True,False,
chicoxyzzy,chicoxyzzy/ambry,2015-11-18T22:28:54Z,22,22,JavaScript,True,True,
chicoxyzzy,chicoxyzzy/annotations,2019-04-05T16:42:55Z,0,0,WebAssembly,True,False,Other
chicoxyzzy,chicoxyzzy/assemblyscript,2018-07-30T09:02:47Z,0,0,WebAssembly,True,True,Apache License 2.0
chicoxyzzy,chicoxyzzy/awesome-desktop-js,2022-11-28T15:27:03Z,1,1,,True,False,Other
chicoxyzzy,chicoxyzzy/awesome-speakers,2017-11-30T10:53:09Z,0,0,,True,True,
chicoxyzzy,chicoxyzzy/awesome-telegram-chats,2019-09-03T19:52:05Z,0,0,,True,True,
chicoxyzzy,chicoxyzzy/awesome-wasm,2017-06-01T23:25:35Z,0,0,,True,True,MIT License
chicoxyzzy,chicoxyzzy/awesome-wasm-langs,2018-01-23T11:06:07Z,0,0,,True,True,Apache License 2.0
chicoxyzzy,chicoxyzzy/babel,2015-02-17T22:32:08Z,0,0,JavaScript,True,True,MIT License
chicoxyzzy,chicoxyzzy/babel-plugin-dynamic-import-node,2016-12-03T03:03:52Z,0,0,JavaScript,True,False,MIT License
chicoxyzzy,chicoxyzzy/babel-plugin-dynamic-import-system-import,2016-12-07T04:07:42Z,7,7,JavaScript,True,True,MIT License
chicoxyzzy,chicoxyzzy/babel-plugin-handbook,2015-12-23T13:15:59Z,1,1,JavaScript,True,True,Creative Commons Attribution 4.0 International
chicoxyzzy,chicoxyzzy/babel-plugin-react-transform,2015-10-31T23:49:36Z,0,0,JavaScript,True,True,
chicoxyzzy,chicoxyzzy/babel-preset-env,2016-11-14T15:57:08Z,0,0,JavaScript,True,True,MIT License
chicoxyzzy,chicoxyzzy/babel-test262,2017-01-19T04:03:24Z,0,0,Shell,True,True,
chicoxyzzy,chicoxyzzy/babel.github.io,2017-02-03T23:17:32Z,0,0,CSS,True,True,
chicoxyzzy,chicoxyzzy/babili,2016-11-14T16:06:14Z,0,0,JavaScript,True,True,MIT License
chicoxyzzy,chicoxyzzy/babylon,2016-12-22T15:45:42Z,0,0,JavaScript,True,True,MIT License
chicoxyzzy,chicoxyzzy/binaryen,2019-01-09T23:33:08Z,0,0,WebAssembly,True,True,Apache License 2.0
chicoxyzzy,chicoxyzzy/binjs-ref,2019-03-07T20:51:46Z,0,0,Rust,True,True,Other
chicoxyzzy,chicoxyzzy/browser-compat-data,2018-09-05T13:08:06Z,1,1,JSON,True,True,Creative Commons Zero v1.0 Universal
chicoxyzzy,chicoxyzzy/browserslist,2018-10-13T14:57:32Z,1,1,JavaScript,True,False,MIT License
chicoxyzzy,chicoxyzzy/bulk-memory-operations,2019-04-05T17:43:01Z,0,0,WebAssembly,True,False,Other
chicoxyzzy,chicoxyzzy/caniuse,2017-02-15T03:16:37Z,0,0,JavaScript,True,True,Creative Commons Attribution 4.0 International
chicoxyzzy,chicoxyzzy/cfp-list,2019-03-07T16:09:10Z,0,0,,True,True,
chicoxyzzy,chicoxyzzy/cg-charter,2019-04-17T14:58:12Z,0,0,HTML,True,True,
JavierCane,JavierCane/awesome,2020-02-28T20:06:05Z,5,5,,True,False,Creative Commons Zero v1.0 Universal
JavierCane,JavierCane/awesome-spanish-slack-dev-groups,2017-02-16T16:33:26Z,3,3,,True,True,The Unlicense
JavierCane,JavierCane/aws2scala,2016-05-17T17:00:32Z,0,0,Scala,True,False,
JavierCane,JavierCane/CAP-SmallTalk-Blink,2015-01-03T09:11:40Z,4,4,Smalltalk,True,False,
JavierCane,JavierCane/clic-xtec-server,2013-11-18T09:17:33Z,0,0,PHP,True,False,
JavierCane,JavierCane/Cuda-Marketplace-Example,2015-05-07T15:01:48Z,3,3,Cuda,True,False,MIT License
JavierCane,JavierCane/DailyOffers,2013-02-16T14:53:55Z,2,2,Java,True,False,
JavierCane,JavierCane/DataMiningFIB,2014-03-14T15:24:28Z,1,1,R,True,False,
JavierCane,JavierCane/demucs,2021-06-12T15:33:39Z,0,0,Python,True,False,MIT License
JavierCane,JavierCane/generator-ionic,2015-06-29T11:05:39Z,0,0,JavaScript,True,True,MIT License
JavierCane,JavierCane/gestioHospitals,2013-06-01T09:59:24Z,0,0,Java,True,False,
JavierCane,JavierCane/gists,2014-05-16T06:09:56Z,0,0,,True,True,
JavierCane,JavierCane/homebrew-core,2021-05-10T06:16:36Z,1,1,,True,False,"BSD 2-Clause ""Simplified"" License"
JavierCane,JavierCane/JavierFerrer.me-blog-posts-code-examples,2015-02-01T23:37:41Z,0,0,PHP,True,True,
JavierCane,JavierCane/jHex,2013-01-10T22:57:26Z,7,7,Java,True,False,
JavierCane,JavierCane/kata-jenkins,2018-04-16T17:45:58Z,0,0,Java,True,True,
JavierCane,JavierCane/LateNight,2020-08-26T15:34:52Z,0,0,,True,True,
JavierCane,JavierCane/microdata-tool,2011-11-22T18:12:15Z,1,1,JavaScript,True,True,
JavierCane,JavierCane/mpwar,2015-08-08T09:39:37Z,0,0,PHP,True,True,
JavierCane,JavierCane/n8n,2023-08-25T08:05:34Z,0,0,,True,True,Other
JavierCane,JavierCane/n8n-docker-caddy,2024-08-12T12:30:08Z,0,0,,True,False,MIT License
JavierCane,JavierCane/OpenGL-Introduction,2013-06-22T09:53:01Z,0,0,C++,True,False,
JavierCane,JavierCane/prisma,2022-05-24T14:56:46Z,0,0,,True,False,Apache License 2.0
JavierCane,JavierCane/scala-steward-repos,2024-06-21T16:23:06Z,0,0,,True,True,
JavierCane,JavierCane/SIFORK,2013-07-05T06:08:08Z,0,0,PHP,True,True,Other
JavierCane,JavierCane/Software-Craftsmanship-Barcelona-2014,2014-10-29T00:00:33Z,5,5,,True,True,
JavierCane,JavierCane/UniPlex,2014-05-15T07:10:57Z,0,0,Java,True,False,
hecrj,hecrj/advent_of_code,2021-12-03T11:22:26Z,2,2,Haskell,True,True,
hecrj,hecrj/ale,2018-05-11T12:24:21Z,1,1,Vim script,True,True,"BSD 2-Clause ""Simplified"" License"
hecrj,hecrj/alg,2014-04-16T00:23:34Z,1,1,C++,True,True,
hecrj,hecrj/asl,2014-04-07T17:23:10Z,0,0,TeX,True,True,
hecrj,hecrj/bola-de-drac,2012-12-21T16:57:53Z,0,0,C++,True,True,
hecrj,hecrj/c,2015-09-26T14:47:26Z,0,0,Ruby,True,True,
hecrj,hecrj/cairo,2019-12-02T03:42:08Z,0,0,Rust,True,True,MIT License
hecrj,hecrj/cargo-bundle,2024-09-23T17:54:19Z,1,1,Rust,True,True,Other
hecrj,hecrj/Chatto,2017-01-16T04:11:30Z,0,0,Swift,True,True,MIT License
hecrj,hecrj/coffee,2019-04-02T18:55:55Z,1080,1080,Rust,True,True,MIT License
hecrj,hecrj/composable-form,2018-04-13T21:52:27Z,200,200,Elm,True,True,"BSD 3-Clause ""New"" or ""Revised"" License"
hecrj,hecrj/cosmic-text,2022-12-09T23:03:23Z,1,1,Rust,True,True,Apache License 2.0
hecrj,hecrj/docker-event_store,2015-04-05T20:30:11Z,0,0,Shell,True,True,
hecrj,hecrj/download-release-action,2020-08-11T23:15:04Z,5,5,TypeScript,True,True,MIT License
hecrj,hecrj/eda,2013-01-25T22:13:55Z,1,1,C++,True,True,
hecrj,hecrj/elm-slug,2017-07-01T18:44:35Z,10,10,Elm,True,True,MIT License
hecrj,hecrj/elm-vim,2018-05-15T22:27:08Z,0,0,Vim script,True,True,"BSD 3-Clause ""New"" or ""Revised"" License"
hecrj,hecrj/elm-webpack-loader,2018-08-22T03:24:54Z,0,0,JavaScript,True,True,"BSD 3-Clause ""New"" or ""Revised"" License"
hecrj,hecrj/estore,2015-03-31T17:57:48Z,1,1,Ruby,True,True,MIT License
hecrj,hecrj/etagere,2023-06-15T14:01:59Z,0,0,,True,True,Other
hecrj,hecrj/fast,2014-03-06T13:24:12Z,3,3,Python,True,True,MIT License
hecrj,hecrj/find-elm-dependencies,2018-08-23T17:28:47Z,0,0,JavaScript,True,True,"BSD 3-Clause ""New"" or ""Revised"" License"
hecrj,hecrj/geshi,2012-09-03T15:04:04Z,0,0,PHP,True,True,
hecrj,hecrj/gfx,2019-06-27T22:03:46Z,0,0,Rust,True,True,Apache License 2.0
hecrj,hecrj/ggez,2019-03-27T06:35:37Z,1,1,Rust,True,True,MIT License
hecrj,hecrj/glow_glyph,2020-05-19T12:15:59Z,13,13,Rust,True,True,
hecrj,hecrj/glyph-brush,2019-04-27T15:34:52Z,0,0,Rust,True,True,Apache License 2.0
hecrj,hecrj/glyphon,2023-01-31T04:02:20Z,1,1,Rust,True,True,
hecrj,hecrj/GMStepper,2017-02-03T22:17:09Z,0,0,Swift,True,True,MIT License
hecrj,hecrj/guillotiere,2020-01-18T21:36:55Z,0,0,Rust,True,True,MIT License
jagenjo,jagenjo/Canvas2DtoWebGL,2014-09-26T10:37:54Z,321,321,JavaScript,True,True,MIT License
jagenjo,jagenjo/collada.js,2014-10-10T00:43:37Z,48,48,JavaScript,True,True,MIT License
jagenjo,jagenjo/evac3d,2022-09-11T18:17:02Z,4,4,HTML,True,True,
jagenjo,jagenjo/game2d_2019,2019-04-12T14:23:37Z,5,5,C++,True,True,GNU Lesser General Public License v3.0
jagenjo,jagenjo/gameshouse,2018-07-01T20:36:35Z,5,5,JavaScript,True,True,MIT License
jagenjo,jagenjo/ggj18,2018-01-26T21:08:19Z,0,0,JavaScript,True,True,
jagenjo,jagenjo/GGJ22,2022-01-29T09:53:50Z,0,0,JavaScript,True,True,MIT License
jagenjo,jagenjo/glui.js,2021-04-21T15:00:35Z,11,11,JavaScript,True,True,MIT License
jagenjo,jagenjo/GTR_Framework,2020-04-27T14:10:23Z,47,47,C,True,True,MIT License
jagenjo,jagenjo/hackaton24,2024-01-03T09:01:09Z,0,0,JavaScript,True,True,
jagenjo,jagenjo/htmlcubemap,2021-09-21T07:54:40Z,10,10,JavaScript,True,True,MIT License
jagenjo,jagenjo/js13k2023,2023-09-06T09:25:51Z,0,0,HTML,True,True,MIT License
jagenjo,jagenjo/JS13K2024,2024-09-11T17:09:18Z,0,0,HTML,True,True,MIT License
jagenjo,jagenjo/jstoolbits,2022-07-09T11:52:40Z,4,4,JavaScript,True,True,
jagenjo,jagenjo/litefilesystem.js,2015-02-05T20:35:39Z,147,147,PHP,True,True,MIT License
jagenjo,jagenjo/litegl.js,2013-09-20T11:13:49Z,362,362,JavaScript,True,True,Other
jagenjo,jagenjo/litegraph.js,2013-09-26T17:39:05Z,6745,6745,JavaScript,True,True,MIT License
jagenjo,jagenjo/litegraph_native,2020-02-20T19:15:09Z,14,14,C,True,True,MIT License
jagenjo,jagenjo/litegui.js,2013-10-11T17:14:27Z,187,187,JavaScript,True,True,MIT License
jagenjo,jagenjo/liteos.js,2013-10-29T21:33:34Z,8,8,PHP,True,True,
jagenjo,jagenjo/litepixel.js,2014-06-25T07:35:22Z,14,14,JavaScript,True,True,MIT License
jagenjo,jagenjo/litescene.js,2013-09-26T15:57:10Z,367,367,JavaScript,True,True,MIT License
jagenjo,jagenjo/miniengine,2014-12-09T16:25:51Z,8,8,C,True,True,
jagenjo,jagenjo/Oimo.js,2017-05-20T08:34:43Z,5,5,JavaScript,True,True,MIT License
jagenjo,jagenjo/playnote,2020-03-15T19:10:32Z,0,0,JavaScript,True,True,MIT License
jagenjo,jagenjo/raylib,2022-11-10T10:41:15Z,1,1,,True,True,zlib License
jagenjo,jagenjo/rendeer.js,2014-09-25T16:06:29Z,88,88,JavaScript,True,True,MIT License
jagenjo,jagenjo/sidviz,2018-03-16T10:12:28Z,12,12,JavaScript,True,True,MIT License
jagenjo,jagenjo/SillyServer.js,2015-04-22T16:27:27Z,21,21,JavaScript,True,True,
jagenjo,jagenjo/synthberry,2019-02-23T21:37:47Z,0,0,C++,True,True,MIT License
humitos,humitos/accessibility,2022-08-17T08:59:37Z,0,0,,True,True,"BSD 3-Clause ""New"" or ""Revised"" License"
humitos,humitos/amari.py,2021-11-25T14:52:03Z,0,0,,True,True,MIT License
humitos,humitos/argentinaenpython.com,2015-03-26T19:08:31Z,12,12,Python,True,True,GNU General Public License v2.0
humitos,humitos/arviz,2022-08-10T10:31:54Z,0,0,,True,True,Apache License 2.0
humitos,humitos/ballsgame,2016-01-31T04:40:30Z,0,0,Python,True,True,GNU General Public License v3.0
humitos,humitos/bestodon,2023-01-17T13:07:32Z,0,0,,True,False,GNU General Public License v3.0
humitos,humitos/blog,2013-09-07T16:03:55Z,2,2,Python,True,True,Other
humitos,humitos/bokeh,2019-07-24T09:47:02Z,0,0,Python,True,True,"BSD 3-Clause ""New"" or ""Revised"" License"
humitos,humitos/bts-mbds-python-support-classes,2019-01-08T07:38:03Z,0,0,Jupyter Notebook,True,True,Other
humitos,humitos/buftra.el,2017-05-27T20:32:11Z,2,2,Emacs Lisp,True,True,"BSD 3-Clause ""New"" or ""Revised"" License"
humitos,humitos/bus-stopped,2011-03-03T17:34:28Z,1,1,Python,True,True,
humitos,humitos/ciensonrisas,2012-07-02T23:50:05Z,1,1,Python,True,True,
humitos,humitos/circulandocirco,2012-02-08T17:06:52Z,1,1,,True,True,
humitos,humitos/cpython,2022-10-31T19:07:42Z,0,0,Python,True,False,Other
humitos,humitos/d2l-book,2022-08-29T16:43:35Z,0,0,,True,True,Apache License 2.0
humitos,humitos/data-varita,2014-05-03T03:11:46Z,0,0,Python,True,True,
humitos,humitos/datasette,2022-08-10T10:30:25Z,0,0,,True,True,Apache License 2.0
humitos,humitos/disnake,2022-06-28T13:34:01Z,0,0,,True,False,MIT License
humitos,humitos/django-frontapp,2020-03-05T23:14:29Z,0,0,,True,True,MIT License
humitos,humitos/django-textclassifier,2018-12-26T11:31:42Z,0,0,Python,True,True,
humitos,humitos/docformatter,2016-07-16T18:04:22Z,1,1,Python,True,False,
humitos,humitos/docker-workshop,2017-11-26T00:40:16Z,2,2,Shell,True,True,
humitos,humitos/docs,2020-10-01T13:57:10Z,0,0,,True,True,
humitos,humitos/dotfiles,2010-04-23T22:04:18Z,2,2,Python,True,True,
humitos,humitos/downcamp,2014-05-26T00:18:41Z,0,0,,True,True,GNU General Public License v2.0
humitos,humitos/emacs-configuration,2011-09-27T22:58:00Z,25,25,Emacs Lisp,True,True,
humitos,humitos/emacs-x11-alpine,2017-01-29T00:16:07Z,3,3,,True,True,GNU General Public License v3.0
humitos,humitos/flickr-bulk-uploader,2012-02-17T23:01:19Z,13,13,Python,True,True,
humitos,humitos/furo,2021-09-29T15:25:03Z,0,0,Sass,True,False,MIT License
humitos,humitos/garmin-osm,2016-01-15T21:35:22Z,0,0,Shell,True,True,GNU General Public License v3.0
alexfarrerodev,alexfarrerodev/alexfarrerodev,2024-10-03T21:45:57Z,5,5,,True,True,
alexfarrerodev,alexfarrerodev/m08merging,2024-09-27T18:14:31Z,2,2,Java,True,True,
alexfarrerodev,alexfarrerodev/script-builder,2024-10-07T17:29:45Z,4,4,TypeScript,True,True,
alexfarrerodev,alexfarrerodev/script_maker-trashed,2024-10-04T22:47:26Z,3,3,JavaScript,True,False,
alexfarrerodev,alexfarrerodev/SlotMachine,2024-06-19T12:16:17Z,6,6,Python,True,True,
JoelGMSec,JoelGMSec/AutoRDPwn,2018-07-29T08:22:20Z,1083,1083,PowerShell,True,True,GNU General Public License v3.0
JoelGMSec,JoelGMSec/AzureGraph,2022-11-30T18:14:26Z,80,80,PowerShell,True,True,GNU General Public License v3.0
JoelGMSec,JoelGMSec/Cloudtopolis,2020-06-16T08:49:39Z,391,391,PowerShell,True,True,GNU General Public License v3.0
JoelGMSec,JoelGMSec/Darkbyte,2018-03-17T11:18:38Z,49,49,C,True,True,GNU General Public License v3.0
JoelGMSec,JoelGMSec/Evil-IRC,2023-07-05T11:45:41Z,4,4,Perl,True,False,GNU General Public License v3.0
JoelGMSec,JoelGMSec/EvilnoVNC,2022-09-04T10:48:49Z,849,849,JavaScript,True,True,GNU General Public License v3.0
JoelGMSec,JoelGMSec/FakeDataGen,2021-11-20T08:30:15Z,91,91,Python,True,True,GNU General Public License v3.0
JoelGMSec,JoelGMSec/hacktricks,2023-03-12T13:01:19Z,11,11,,True,True,Other
JoelGMSec,JoelGMSec/HTTP-Shell,2023-09-05T12:01:17Z,228,228,PowerShell,True,False,GNU General Public License v3.0
JoelGMSec,JoelGMSec/Invoke-DNSteal,2021-06-24T11:03:09Z,106,106,PowerShell,True,True,GNU General Public License v3.0
JoelGMSec,JoelGMSec/Invoke-Stealth,2021-04-13T10:22:05Z,450,450,PowerShell,True,True,GNU General Public License v3.0
JoelGMSec,JoelGMSec/Invoke-Transfer,2023-02-01T17:06:47Z,67,67,PowerShell,True,True,GNU General Public License v3.0
JoelGMSec,JoelGMSec/JoelGMSec,2021-01-05T18:14:30Z,4,4,,True,True,
JoelGMSec,JoelGMSec/Kitsune,2024-06-07T15:30:53Z,47,47,Python,True,False,GNU General Public License v3.0
JoelGMSec,JoelGMSec/LeakSearch,2024-02-01T10:12:35Z,285,285,Python,True,False,GNU General Public License v3.0
JoelGMSec,JoelGMSec/MyTalks,2020-07-26T15:46:58Z,25,25,,True,True,Other
JoelGMSec,JoelGMSec/PowerGram,2022-05-20T10:14:21Z,47,47,PowerShell,True,True,GNU General Public License v3.0
JoelGMSec,JoelGMSec/PSAsyncShell,2022-07-19T15:38:34Z,151,151,PowerShell,True,True,GNU General Public License v3.0
JoelGMSec,JoelGMSec/PSRansom,2022-02-27T11:52:03Z,463,463,PowerShell,True,True,GNU General Public License v3.0
JoelGMSec,JoelGMSec/PyShell,2021-10-19T07:49:17Z,293,293,Python,True,True,GNU General Public License v3.0
JoelGMSec,JoelGMSec/Thunderstorm,2023-03-01T09:44:07Z,61,61,Python,True,True,GNU General Public License v3.0
carmenansio,carmenansio/a-picture-is-worth-a-1000-words,2022-09-07T09:44:53Z,0,0,,True,True,Creative Commons Attribution Share Alike 4.0 International
carmenansio,carmenansio/ada,2016-05-02T15:35:16Z,0,0,JavaScript,True,True,
carmenansio,carmenansio/AdaLovers,2022-10-25T20:04:59Z,0,0,HTML,True,True,MIT License
carmenansio,carmenansio/adalovers-material,2022-10-25T21:18:07Z,1,1,,True,True,
carmenansio,carmenansio/AdaLoversConf22,2022-09-13T22:43:25Z,15,15,HTML,True,True,MIT License
carmenansio,carmenansio/almanac.httparchive.org,2024-04-22T10:46:51Z,1,1,,True,True,Apache License 2.0
carmenansio,carmenansio/aseprite,2020-08-09T09:27:24Z,0,0,,True,False,
carmenansio,carmenansio/astro-docs-template,2024-08-19T17:57:52Z,0,0,,True,True,MIT License
carmenansio,carmenansio/astro-openprops,2023-09-06T07:11:17Z,0,0,Astro,True,True,
carmenansio,carmenansio/astro-theme,2023-10-06T20:49:12Z,1,1,,True,True,MIT License
carmenansio,carmenansio/awesome-css,2019-04-06T19:07:11Z,0,0,,True,False,Creative Commons Attribution Share Alike 4.0 International
carmenansio,carmenansio/awesome-css-learning,2022-02-25T21:16:57Z,0,0,,True,False,Other
carmenansio,carmenansio/awesome-design-system,2020-04-26T11:15:18Z,0,0,,True,True,
carmenansio,carmenansio/awesome-lottie,2024-07-01T06:54:32Z,0,0,,True,True,
carmenansio,carmenansio/awesome-storyblok,2023-01-16T09:12:21Z,0,0,,True,True,Creative Commons Zero v1.0 Universal
carmenansio,carmenansio/bilbostack2018-canvas,2017-11-27T11:09:15Z,19,19,,True,True,
carmenansio,carmenansio/blade,2021-12-23T09:55:55Z,0,0,,True,False,MIT License
carmenansio,carmenansio/bookmarks,2021-12-12T14:59:40Z,172,172,,True,True,MIT License
carmenansio,carmenansio/canvas-lo-loco,2021-04-20T10:32:50Z,0,0,HTML,True,True,
carmenansio,carmenansio/carmenansio,2021-12-12T11:45:37Z,7,7,,True,True,
carmenansio,carmenansio/cassie-avatar,2023-11-12T21:05:54Z,0,0,,True,True,
carmenansio,carmenansio/CKgrafico,2019-11-07T12:32:32Z,0,0,,True,True,
carmenansio,carmenansio/codigo-facilito-taller,2024-04-09T23:01:09Z,3,3,CSS,True,True,
carmenansio,carmenansio/cosmos,2023-07-23T18:01:36Z,0,0,Astro,True,True,GNU General Public License v3.0
carmenansio,carmenansio/creatus-dominus,2021-04-20T10:50:48Z,0,0,HTML,True,True,
carmenansio,carmenansio/CromoPokemonScroll,2024-08-17T08:26:22Z,0,0,,True,True,MIT License
carmenansio,carmenansio/css-amagat-barcelona,2022-10-19T10:47:02Z,0,0,HTML,True,True,
carmenansio,carmenansio/css-architectures,2021-04-20T10:58:42Z,0,0,HTML,True,True,
carmenansio,carmenansio/css-docs,2023-10-06T12:10:15Z,3,3,,True,True,GNU General Public License v3.0
carmenansio,carmenansio/csszengarden.com,2024-04-11T19:56:55Z,0,0,,True,True,Other
oleganza,oleganza/amanda,2009-02-12T22:05:35Z,6,6,,True,True,
oleganza,oleganza/ampoule,2009-10-29T17:40:30Z,17,17,Ruby,True,True,
oleganza,oleganza/autogit,2009-01-29T14:24:14Z,21,21,Ruby,True,True,
oleganza,oleganza/bash-settings,2009-01-20T15:02:47Z,43,43,Shell,True,True,
oleganza,oleganza/bips,2014-02-04T22:38:32Z,8,8,Protocol Buffer,True,False,
oleganza,oleganza/bitcoin,2013-03-14T17:55:47Z,1,1,TypeScript,True,False,MIT License
oleganza,oleganza/bitcoin-duo,2015-08-20T14:12:51Z,12,12,C++,True,True,MIT License
oleganza,oleganza/bitcoin-papers,2015-02-10T11:13:29Z,172,172,,True,True,
oleganza,oleganza/bitcoin-ruby,2013-07-17T05:44:55Z,1,1,Ruby,True,True,Other
oleganza,oleganza/bitcore-ecies,2015-03-29T08:48:29Z,1,1,JavaScript,True,True,MIT License
oleganza,oleganza/Bitpost,2014-07-29T06:03:36Z,1,1,Objective-C,True,True,
oleganza,oleganza/blindsignaturedemo,2014-06-14T23:03:41Z,15,15,C,True,True,
oleganza,oleganza/blockchain.info,2013-04-07T19:58:54Z,1,1,JavaScript,True,True,
oleganza,oleganza/btcd,2015-03-31T10:00:45Z,3,3,Go,True,True,ISC License
oleganza,oleganza/BTCPrice,2013-03-01T11:52:48Z,2,2,Objective-C,True,True,
oleganza,oleganza/btcruby,2015-06-08T21:54:23Z,72,72,Ruby,True,True,MIT License
oleganza,oleganza/BTCScrypt,2014-08-26T06:15:43Z,1,1,C,True,True,
oleganza,oleganza/businesstxt,2012-08-27T11:09:07Z,1,1,,True,False,
oleganza,oleganza/canabalt-ios,2010-12-31T16:45:04Z,2,2,Objective-C,True,True,Other
oleganza,oleganza/cocoafob,2012-01-02T09:44:23Z,1,1,Objective-C,True,True,
oleganza,oleganza/Coder,2010-10-10T18:27:38Z,4,4,Ruby,True,True,
oleganza,oleganza/CoreBitcoin,2013-08-10T21:56:28Z,719,719,C,True,True,Do What The F*ck You Want To Public License
oleganza,oleganza/curve25519-dalek,2018-03-29T00:18:24Z,5,5,Rust,True,False,Other
oleganza,oleganza/declarations,2008-09-11T20:14:55Z,4,4,Ruby,True,True,MIT License
oleganza,oleganza/dm-core,2008-11-17T01:42:23Z,2,2,Ruby,True,True,MIT License
oleganza,oleganza/else.ruby,2008-08-14T11:36:57Z,2,2,Ruby,True,True,
oleganza,oleganza/emrpc,2008-08-17T19:13:09Z,30,30,Ruby,True,True,MIT License
oleganza,oleganza/facebook-ios-sdk,2014-02-07T09:56:24Z,1,1,Objective-C,True,False,Apache License 2.0
oleganza,oleganza/fullmapper,2008-11-27T01:22:17Z,5,5,Ruby,True,True,
oleganza,oleganza/func-course,2023-02-01T10:15:14Z,1,1,,True,True,
